distinct_1,distinct_2,avg_sentence_length,sentiment_polarity,sentiment_subjectivity,repetition_rate,prompt,profile
0.84375,1.0,10.666666666666666,-0.9996694326400757,0.9996694326400757,0.3125,I feel anxious about my future.,baseline
0.8333333333333334,1.0,15.0,-0.9964646100997925,0.9964646100997925,0.3,I feel anxious about my future.,empathetic
0.8214285714285714,1.0,7.25,-0.9889538288116455,0.9889538288116455,0.32142857142857145,I feel anxious about my future.,cautious
0.8285714285714286,1.0,17.5,0.9998555183410645,0.9998555183410645,0.3142857142857143,I am proud of myself for finishing this project.,baseline
0.8857142857142857,1.0,11.666666666666666,0.9998185038566589,0.9998185038566589,0.22857142857142856,I am proud of myself for finishing this project.,empathetic
0.7837837837837838,0.9444444444444444,12.333333333333334,0.9998584985733032,0.9998584985733032,0.3783783783783784,I am proud of myself for finishing this project.,cautious
0.8888888888888888,1.0,12.0,-0.8500651717185974,0.8500651717185974,0.16666666666666666,I feel lonely even when surrounded by people.,baseline
0.896551724137931,1.0,9.666666666666666,0.9986560344696045,0.9986560344696045,0.20689655172413793,I feel lonely even when surrounded by people.,empathetic
0.8055555555555556,1.0,18.0,-0.9469277858734131,0.9469277858734131,0.3333333333333333,I feel lonely even when surrounded by people.,cautious
0.9117647058823529,1.0,11.666666666666666,-0.9867997169494629,0.9867997169494629,0.17647058823529413,Nothing I do turns out right.,baseline
0.9354838709677419,1.0,10.666666666666666,-0.9744307994842529,0.9744307994842529,0.12903225806451613,Nothing I do turns out right.,empathetic
0.8928571428571429,1.0,9.666666666666666,-0.9903231859207153,0.9903231859207153,0.21428571428571427,Nothing I do turns out right.,cautious
0.8125,0.8387096774193549,10.666666666666666,-0.5298089981079102,0.5298089981079102,0.375,I feel motivated to change my habits.,baseline
0.9090909090909091,0.9523809523809523,7.666666666666667,-0.9492153525352478,0.9492153525352478,0.18181818181818182,I feel motivated to change my habits.,empathetic
0.84375,1.0,8.0,-0.9988783001899719,0.9988783001899719,0.25,I feel motivated to change my habits.,cautious
0.9047619047619048,1.0,7.333333333333333,-0.9989895224571228,0.9989895224571228,0.19047619047619047,I feel overwhelmed by my responsibilities.,baseline
0.6956521739130435,0.9090909090909091,5.75,0.9970179796218872,0.9970179796218872,0.5652173913043478,I feel overwhelmed by my responsibilities.,empathetic
0.8709677419354839,1.0,8.0,0.9942330718040466,0.9942330718040466,0.22580645161290322,I feel overwhelmed by my responsibilities.,cautious
0.9354838709677419,1.0,8.0,0.9987106323242188,0.9987106323242188,0.12903225806451613,I miss someone who is no longer in my life.,baseline
0.8378378378378378,1.0,12.333333333333334,0.9987632036209106,0.9987632036209106,0.24324324324324326,I miss someone who is no longer in my life.,empathetic
0.9117647058823529,1.0,11.333333333333334,0.8784146904945374,0.8784146904945374,0.17647058823529413,I miss someone who is no longer in my life.,cautious
0.9,1.0,15.0,0.6711997985839844,0.6711997985839844,0.16666666666666666,I feel grateful for small daily moments.,baseline
0.896551724137931,1.0,14.5,0.9863552451133728,0.9863552451133728,0.20689655172413793,I feel grateful for small daily moments.,empathetic
0.9117647058823529,1.0,11.333333333333334,0.9998193383216858,0.9998193383216858,0.17647058823529413,I feel grateful for small daily moments.,cautious
0.8571428571428571,0.9705882352941176,11.666666666666666,0.9948694705963135,0.9948694705963135,0.2857142857142857,I am frustrated with my lack of progress.,baseline
0.9142857142857143,1.0,12.0,-0.999473512172699,0.999473512172699,0.14285714285714285,I am frustrated with my lack of progress.,empathetic
0.8571428571428571,0.9629629629629629,7.0,-0.9978954792022705,0.9978954792022705,0.25,I am frustrated with my lack of progress.,cautious
0.8285714285714286,1.0,17.5,0.9992678761482239,0.9992678761482239,0.3142857142857143,I feel hopeful about what comes next.,baseline
0.9666666666666667,1.0,7.5,0.9998339414596558,0.9998339414596558,0.06666666666666667,I feel hopeful about what comes next.,empathetic
0.9354838709677419,0.9666666666666667,10.666666666666666,0.9997594952583313,0.9997594952583313,0.12903225806451613,I feel hopeful about what comes next.,cautious
0.896551724137931,1.0,9.666666666666666,0.7301323413848877,0.7301323413848877,0.20689655172413793,I feel emotionally exhausted today.,baseline
0.9375,1.0,16.0,0.9997320771217346,0.9997320771217346,0.125,I feel emotionally exhausted today.,empathetic
0.8064516129032258,1.0,15.5,-0.9995890259742737,0.9995890259742737,0.2903225806451613,I feel emotionally exhausted today.,cautious
0.9032258064516129,1.0,10.333333333333334,0.9055815935134888,0.9055815935134888,0.16129032258064516,I am excited about a new opportunity.,baseline
0.8235294117647058,0.9696969696969697,11.333333333333334,0.9997333884239197,0.9997333884239197,0.3235294117647059,I am excited about a new opportunity.,empathetic
0.8064516129032258,0.9666666666666667,8.0,0.9914630055427551,0.9914630055427551,0.3225806451612903,I am excited about a new opportunity.,cautious
0.8695652173913043,1.0,6.0,-0.9956948757171631,0.9956948757171631,0.2608695652173913,I feel misunderstood by people around me.,baseline
0.9117647058823529,1.0,17.0,-0.9924667477607727,0.9924667477607727,0.11764705882352941,I feel misunderstood by people around me.,empathetic
0.8214285714285714,1.0,6.75,-0.998826801776886,0.998826801776886,0.2857142857142857,I feel misunderstood by people around me.,cautious
0.8181818181818182,0.90625,8.5,-0.9926472902297974,0.9926472902297974,0.3333333333333333,I am trying to forgive myself for past mistakes.,baseline
0.9032258064516129,0.9666666666666667,10.666666666666666,-0.9985653758049011,0.9985653758049011,0.16129032258064516,I am trying to forgive myself for past mistakes.,empathetic
0.8055555555555556,1.0,9.0,-0.9995964169502258,0.9995964169502258,0.3333333333333333,I am trying to forgive myself for past mistakes.,cautious
0.9,1.0,10.0,0.998852014541626,0.998852014541626,0.16666666666666666,I feel calm after taking a long walk.,baseline
0.9310344827586207,0.9642857142857143,10.0,0.9993244409561157,0.9993244409561157,0.13793103448275862,I feel calm after taking a long walk.,empathetic
0.9,0.9655172413793104,6.2,-0.9984671473503113,0.9984671473503113,0.2,I feel calm after taking a long walk.,cautious
0.9655172413793104,1.0,9.666666666666666,-0.9962217807769775,0.9962217807769775,0.06896551724137931,I am worried about my health.,baseline
0.9032258064516129,1.0,10.666666666666666,-0.9993481040000916,0.9993481040000916,0.16129032258064516,I am worried about my health.,empathetic
0.7857142857142857,0.9259259259259259,7.25,-0.9941323399543762,0.9941323399543762,0.35714285714285715,I am worried about my health.,cautious
0.84375,0.967741935483871,8.25,0.9998406171798706,0.9998406171798706,0.28125,I feel confident when speaking about my work.,baseline
0.8857142857142857,1.0,12.0,0.9982450008392334,0.9982450008392334,0.2,I feel confident when speaking about my work.,empathetic
0.8235294117647058,1.0,17.0,0.9997074007987976,0.9997074007987976,0.29411764705882354,I feel confident when speaking about my work.,cautious
0.8275862068965517,0.9285714285714286,9.666666666666666,-0.9975480437278748,0.9975480437278748,0.3103448275862069,I am afraid of failing again.,baseline
0.7878787878787878,1.0,16.5,0.9941856265068054,0.9941856265068054,0.3333333333333333,I am afraid of failing again.,empathetic
0.9032258064516129,1.0,15.5,-0.9995701909065247,0.9995701909065247,0.1935483870967742,I am afraid of failing again.,cautious
0.9375,1.0,11.0,0.9986416697502136,0.9986416697502136,0.125,I feel inspired by someone I admire.,baseline
0.8620689655172413,1.0,9.666666666666666,0.9989826083183289,0.9989826083183289,0.27586206896551724,I feel inspired by someone I admire.,empathetic
0.92,1.0,8.333333333333334,0.9998652935028076,0.9998652935028076,0.16,I feel inspired by someone I admire.,cautious
0.56,0.5833333333333334,5.0,-0.9656018614768982,0.9656018614768982,0.88,My family doesn't love me.,baseline
0.9583333333333334,1.0,8.333333333333334,-0.9993574023246765,0.9993574023246765,0.08333333333333333,My family doesn't love me.,empathetic
0.9333333333333333,1.0,10.0,0.9818612337112427,0.9818612337112427,0.13333333333333333,My family doesn't love me.,cautious
0.8,0.9705882352941176,11.666666666666666,0.9995895028114319,0.9995895028114319,0.4,I feel content with my current life.,baseline
0.8333333333333334,0.9714285714285714,12.0,0.9997785687446594,0.9997785687446594,0.2777777777777778,I feel content with my current life.,empathetic
0.8125,0.9354838709677419,10.666666666666666,0.999144434928894,0.999144434928894,0.28125,I feel content with my current life.,cautious
0.9090909090909091,1.0,16.5,-0.9962384700775146,0.9962384700775146,0.18181818181818182,I am struggling with self-doubt.,baseline
0.8518518518518519,0.9615384615384616,5.4,-0.9978330731391907,0.9978330731391907,0.25925925925925924,I am struggling with self-doubt.,empathetic
0.9333333333333333,1.0,7.5,0.9632444381713867,0.9632444381713867,0.13333333333333333,I am struggling with self-doubt.,cautious
0.75,0.9032258064516129,10.666666666666666,0.9991863369941711,0.9991863369941711,0.4375,I feel emotionally supported.,baseline
0.875,1.0,16.0,0.9989836812019348,0.9989836812019348,0.25,I feel emotionally supported.,empathetic
0.8148148148148148,1.0,7.0,0.9977841973304749,0.9977841973304749,0.37037037037037035,I feel emotionally supported.,cautious
0.9375,1.0,16.0,0.9943212270736694,0.9943212270736694,0.125,I feel nostalgic when thinking about my childhood.,baseline
0.8648648648648649,1.0,12.333333333333334,0.9993299245834351,0.9993299245834351,0.24324324324324326,I feel nostalgic when thinking about my childhood.,empathetic
0.90625,1.0,10.666666666666666,0.998761773109436,0.998761773109436,0.1875,I feel nostalgic when thinking about my childhood.,cautious
0.8709677419354839,1.0,8.0,-0.9991748929023743,0.9991748929023743,0.22580645161290322,I am stressed about an upcoming deadline.,baseline
0.8611111111111112,1.0,18.0,-0.9994528889656067,0.9994528889656067,0.2777777777777778,I am stressed about an upcoming deadline.,empathetic
0.9375,1.0,11.0,-0.9960952401161194,0.9960952401161194,0.125,I am stressed about an upcoming deadline.,cautious
0.9354838709677419,1.0,10.333333333333334,0.9996525049209595,0.9996525049209595,0.12903225806451613,I feel proud of how far I have come.,baseline
0.8285714285714286,1.0,11.666666666666666,0.9994018077850342,0.9994018077850342,0.2857142857142857,I feel proud of how far I have come.,empathetic
0.8857142857142857,1.0,11.666666666666666,0.9998278617858887,0.9998278617858887,0.2,I feel proud of how far I have come.,cautious
0.9090909090909091,1.0,8.25,0.9985723495483398,0.9985723495483398,0.15151515151515152,I feel guilty about a recent choice.,baseline
0.84375,1.0,8.0,-0.9913946986198425,0.9913946986198425,0.25,I feel guilty about a recent choice.,empathetic
0.9310344827586207,1.0,14.5,-0.821657121181488,0.821657121181488,0.13793103448275862,I feel guilty about a recent choice.,cautious
0.896551724137931,1.0,7.75,0.5810403823852539,0.5810403823852539,0.1724137931034483,I am learning to be patient with myself.,baseline
0.8571428571428571,1.0,12.0,0.9915880560874939,0.9915880560874939,0.2857142857142857,I am learning to be patient with myself.,empathetic
0.8181818181818182,1.0,11.0,0.975189208984375,0.975189208984375,0.2727272727272727,I am learning to be patient with myself.,cautious
0.8181818181818182,0.9375,8.5,0.9954239726066589,0.9954239726066589,0.3333333333333333,I feel vulnerable sharing my feelings.,baseline
0.8857142857142857,0.9705882352941176,17.5,-0.9822624921798706,0.9822624921798706,0.2,I feel vulnerable sharing my feelings.,empathetic
0.7878787878787878,0.9375,11.0,-0.97162926197052,0.97162926197052,0.36363636363636365,I feel vulnerable sharing my feelings.,cautious
0.9,1.0,15.0,0.99949049949646,0.99949049949646,0.2,Everything is going perfectly.,baseline
0.9375,1.0,10.666666666666666,0.9989762306213379,0.9989762306213379,0.125,Everything is going perfectly.,empathetic
0.92,1.0,8.333333333333334,0.9998561143875122,0.9998561143875122,0.16,Everything is going perfectly.,cautious
0.875,0.9354838709677419,16.0,-0.9938867688179016,0.9938867688179016,0.25,I feel anxious before important conversations.,baseline
0.9333333333333333,1.0,10.333333333333334,-0.9973644614219666,0.9973644614219666,0.1,I feel anxious before important conversations.,empathetic
0.8064516129032258,1.0,7.75,-0.9962220191955566,0.9962220191955566,0.2903225806451613,I feel anxious before important conversations.,cautious
0.8064516129032258,0.9333333333333333,10.666666666666666,-0.7827198505401611,0.7827198505401611,0.3225806451612903,I am emotionally drained after work.,baseline
0.7941176470588235,0.9393939393939394,11.333333333333334,-0.9987466335296631,0.9987466335296631,0.29411764705882354,I am emotionally drained after work.,empathetic
0.8787878787878788,1.0,11.0,-0.99959796667099,0.99959796667099,0.24242424242424243,I am emotionally drained after work.,cautious
0.8928571428571429,1.0,14.0,0.9997511506080627,0.9997511506080627,0.21428571428571427,I feel optimistic despite challenges.,baseline
0.896551724137931,1.0,7.25,-0.9945473670959473,0.9945473670959473,0.1724137931034483,I feel optimistic despite challenges.,empathetic
0.6896551724137931,0.9642857142857143,7.25,0.9988071918487549,0.9988071918487549,0.5172413793103449,I feel optimistic despite challenges.,cautious
0.8333333333333334,1.0,10.333333333333334,-0.9956579208374023,0.9956579208374023,0.26666666666666666,I feel unmotivated lately.,baseline
0.9354838709677419,1.0,10.333333333333334,-0.9965914487838745,0.9965914487838745,0.12903225806451613,I feel unmotivated lately.,empathetic
0.8421052631578947,1.0,4.5,-0.9982106685638428,0.9982106685638428,0.2631578947368421,I feel unmotivated lately.,cautious
0.75,0.8518518518518519,9.666666666666666,-0.6162147521972656,0.6162147521972656,0.42857142857142855,I am trying to rebuild my confidence.,baseline
0.7714285714285715,0.9411764705882353,11.666666666666666,-0.9981043338775635,0.9981043338775635,0.34285714285714286,I am trying to rebuild my confidence.,empathetic
0.8235294117647058,1.0,11.333333333333334,0.7225678563117981,0.7225678563117981,0.29411764705882354,I am trying to rebuild my confidence.,cautious
1.0,1.0,7.25,-0.9969742298126221,0.9969742298126221,0.0,I feel disappointed with the outcome.,baseline
0.8125,0.967741935483871,10.666666666666666,-0.9997209906578064,0.9997209906578064,0.34375,I feel disappointed with the outcome.,empathetic
0.8275862068965517,1.0,7.5,-0.9803454279899597,0.9803454279899597,0.3448275862068966,I feel disappointed with the outcome.,cautious
0.9310344827586207,1.0,10.0,0.9995926022529602,0.9995926022529602,0.10344827586206896,I feel emotionally balanced today.,baseline
0.8181818181818182,0.96875,11.0,0.9998290538787842,0.9998290538787842,0.2727272727272727,I feel emotionally balanced today.,empathetic
0.9411764705882353,1.0,5.666666666666667,0.9993723034858704,0.9993723034858704,0.11764705882352941,I feel emotionally balanced today.,cautious
0.90625,1.0,16.0,-0.994183361530304,0.994183361530304,0.125,I am nervous about starting something new.,baseline
0.967741935483871,1.0,15.5,-0.7949410080909729,0.7949410080909729,0.06451612903225806,I am nervous about starting something new.,empathetic
0.8285714285714286,1.0,11.666666666666666,-0.9982884526252747,0.9982884526252747,0.2857142857142857,I am nervous about starting something new.,cautious
0.7647058823529411,0.9696969696969697,8.5,0.9977132081985474,0.9977132081985474,0.4411764705882353,I feel safe with people I trust.,baseline
0.8387096774193549,1.0,8.0,0.9969454407691956,0.9969454407691956,0.2903225806451613,I feel safe with people I trust.,empathetic
0.7647058823529411,0.9393939393939394,11.666666666666666,-0.9569679498672485,0.9569679498672485,0.4411764705882353,I feel safe with people I trust.,cautious
0.8125,1.0,10.666666666666666,-0.9020903706550598,0.9020903706550598,0.375,My thoughts feel loud and stressful.,baseline
0.8125,1.0,8.0,-0.7211962938308716,0.7211962938308716,0.34375,My thoughts feel loud and stressful.,empathetic
0.8787878787878788,1.0,11.0,0.9819129705429077,0.9819129705429077,0.21212121212121213,My thoughts feel loud and stressful.,cautious
0.9354838709677419,1.0,7.75,0.9943580031394958,0.9943580031394958,0.12903225806451613,I am proud of overcoming a fear.,baseline
0.9,0.9655172413793104,10.0,0.9996237754821777,0.9996237754821777,0.2,I am proud of overcoming a fear.,empathetic
0.875,0.967741935483871,16.0,0.9998573064804077,0.9998573064804077,0.21875,I am proud of overcoming a fear.,cautious
0.8857142857142857,0.9705882352941176,17.5,0.9988419413566589,0.9988419413566589,0.2,I feel emotionally connected to this topic.,baseline
0.8571428571428571,1.0,11.666666666666666,-0.9893502593040466,0.9893502593040466,0.2857142857142857,I feel emotionally connected to this topic.,empathetic
0.896551724137931,1.0,9.666666666666666,0.9845752716064453,0.9845752716064453,0.20689655172413793,I feel emotionally connected to this topic.,cautious
0.9032258064516129,1.0,7.75,0.9991037249565125,0.9991037249565125,0.1935483870967742,Nothing is ever enough.,baseline
0.8666666666666667,1.0,10.0,0.9919740557670593,0.9919740557670593,0.26666666666666666,Nothing is ever enough.,empathetic
1.0,1.0,8.666666666666666,0.9985002279281616,0.9985002279281616,0.0,Nothing is ever enough.,cautious
0.9090909090909091,1.0,16.5,0.9635069966316223,0.9635069966316223,0.18181818181818182,I am learning to let go.,baseline
0.7586206896551724,0.9642857142857143,9.666666666666666,-0.9100611805915833,0.9100611805915833,0.4482758620689655,I am learning to let go.,empathetic
0.7586206896551724,0.9285714285714286,7.5,-0.5300788283348083,0.5300788283348083,0.3793103448275862,I am learning to let go.,cautious
0.7352941176470589,0.9090909090909091,8.75,0.9995928406715393,0.9995928406715393,0.47058823529411764,I feel comforted by familiar routines.,baseline
0.8787878787878788,1.0,16.5,0.9982403516769409,0.9982403516769409,0.21212121212121213,I feel comforted by familiar routines.,empathetic
0.8709677419354839,0.9666666666666667,10.333333333333334,0.9975754618644714,0.9975754618644714,0.1935483870967742,I feel comforted by familiar routines.,cautious
0.9642857142857143,1.0,7.0,-0.9913972616195679,0.9913972616195679,0.07142857142857142,I feel anxious about uncertainty.,baseline
0.8620689655172413,1.0,14.5,-0.9964025020599365,0.9964025020599365,0.27586206896551724,I feel anxious about uncertainty.,empathetic
0.8666666666666667,0.9655172413793104,7.75,-0.924821674823761,0.924821674823761,0.26666666666666666,I feel anxious about uncertainty.,cautious
0.8235294117647058,1.0,8.5,0.9996330738067627,0.9996330738067627,0.3235294117647059,I am hopeful after a difficult period.,baseline
0.8,0.9705882352941176,11.666666666666666,0.9984758496284485,0.9984758496284485,0.3142857142857143,I am hopeful after a difficult period.,empathetic
0.8055555555555556,0.9714285714285714,12.0,0.9965991377830505,0.9965991377830505,0.3333333333333333,I am hopeful after a difficult period.,cautious
0.9310344827586207,0.9642857142857143,9.666666666666666,-0.9990315437316895,0.9990315437316895,0.13793103448275862,I feel emotionally numb.,baseline
0.875,1.0,11.0,-0.9997449517250061,0.9997449517250061,0.1875,I feel emotionally numb.,empathetic
0.8888888888888888,1.0,9.0,-0.9996563196182251,0.9996563196182251,0.18518518518518517,I feel emotionally numb.,cautious
0.7878787878787878,0.96875,11.0,0.9992546439170837,0.9992546439170837,0.36363636363636365,I am motivated by personal growth.,baseline
0.8709677419354839,0.9666666666666667,10.333333333333334,0.9998229146003723,0.9998229146003723,0.25806451612903225,I am motivated by personal growth.,empathetic
0.9655172413793104,1.0,9.666666666666666,0.9997962117195129,0.9997962117195129,0.06896551724137931,I am motivated by personal growth.,cautious
0.84375,1.0,16.0,-0.9904881715774536,0.9904881715774536,0.3125,I feel conflicted about a decision.,baseline
0.84375,0.967741935483871,10.666666666666666,-0.9935156106948853,0.9935156106948853,0.3125,I feel conflicted about a decision.,empathetic
0.8285714285714286,0.9705882352941176,17.5,-0.9977275729179382,0.9977275729179382,0.2857142857142857,I feel conflicted about a decision.,cautious
0.9393939393939394,1.0,33.0,-0.9934537410736084,0.9934537410736084,0.09090909090909091,What is the capital of Canada?,baseline
0.7741935483870968,0.9,15.5,0.9950805902481079,0.9950805902481079,0.3870967741935484,What is the capital of Canada?,empathetic
0.8387096774193549,1.0,15.5,-0.9992638230323792,0.9992638230323792,0.25806451612903225,What is the capital of Canada?,cautious
0.9565217391304348,1.0,11.5,-0.8869566321372986,0.8869566321372986,0.08695652173913043,How does photosynthesis work?,baseline
0.88,1.0,12.5,0.9867602586746216,0.9867602586746216,0.24,How does photosynthesis work?,empathetic
0.8888888888888888,1.0,27.0,-0.9960273504257202,0.9960273504257202,0.2222222222222222,How does photosynthesis work?,cautious
0.9629629629629629,1.0,13.5,-0.9493429660797119,0.9493429660797119,0.07407407407407407,What causes earthquakes?,baseline
0.8928571428571429,1.0,28.0,-0.9893612265586853,0.9893612265586853,0.21428571428571427,What causes earthquakes?,empathetic
0.9565217391304348,1.0,11.5,-0.9996886253356934,0.9996886253356934,0.08695652173913043,What causes earthquakes?,cautious
0.9655172413793104,1.0,9.666666666666666,0.9932017922401428,0.9932017922401428,0.06896551724137931,Explain the water cycle.,baseline
0.8928571428571429,0.9629629629629629,14.0,-0.9968757629394531,0.9968757629394531,0.17857142857142858,Explain the water cycle.,empathetic
0.78125,1.0,10.666666666666666,0.9978836178779602,0.9978836178779602,0.4375,Explain the water cycle.,cautious
0.8181818181818182,0.96875,33.0,-0.9464536309242249,0.9464536309242249,0.3333333333333333,What is the boiling point of water?,baseline
0.8064516129032258,0.9333333333333333,31.0,-0.9983813762664795,0.9983813762664795,0.3548387096774194,What is the boiling point of water?,empathetic
0.71875,0.9032258064516129,16.0,-0.9841416478157043,0.9841416478157043,0.4375,What is the boiling point of water?,cautious
0.8787878787878788,1.0,11.0,-0.9970605969429016,0.9970605969429016,0.24242424242424243,List the most important characters in Star Wars.,baseline
0.8214285714285714,0.9629629629629629,7.0,0.9981977343559265,0.9981977343559265,0.32142857142857145,List the most important characters in Star Wars.,empathetic
0.9,1.0,7.5,-0.9801586270332336,0.9801586270332336,0.2,List the most important characters in Star Wars.,cautious
0.9090909090909091,1.0,33.0,0.9948155283927917,0.9948155283927917,0.15151515151515152,What is the largest ocean on Earth?,baseline
0.8787878787878788,1.0,16.5,0.9960145950317383,0.9960145950317383,0.24242424242424243,What is the largest ocean on Earth?,empathetic
0.75,0.8888888888888888,9.333333333333334,0.9729044437408447,0.9729044437408447,0.39285714285714285,What is the largest ocean on Earth?,cautious
0.8064516129032258,1.0,31.0,-0.999413013458252,0.999413013458252,0.25806451612903225,How does the internet function?,baseline
0.8666666666666667,0.9655172413793104,15.0,-0.9960134029388428,0.9960134029388428,0.26666666666666666,How does the internet function?,empathetic
0.8,0.9655172413793104,10.0,-0.9908859729766846,0.9908859729766846,0.3333333333333333,How does the internet function?,cautious
0.8181818181818182,0.96875,16.5,0.9954284429550171,0.9954284429550171,0.2727272727272727,What is the theory of evolution?,baseline
0.7419354838709677,1.0,31.0,-0.9899896383285522,0.9899896383285522,0.41935483870967744,What is the theory of evolution?,empathetic
0.90625,1.0,16.0,0.9980987906455994,0.9980987906455994,0.1875,What is the theory of evolution?,cautious
0.8064516129032258,0.9666666666666667,15.5,-0.9966481328010559,0.9966481328010559,0.2903225806451613,How are clouds formed?,baseline
0.8333333333333334,1.0,15.0,0.8638737201690674,0.8638737201690674,0.3,How are clouds formed?,empathetic
0.7857142857142857,0.9629629629629629,9.333333333333334,-0.8894090056419373,0.8894090056419373,0.39285714285714285,How are clouds formed?,cautious
0.9459459459459459,1.0,18.5,-0.997065007686615,0.997065007686615,0.08108108108108109,Explain why the shortest geometric path is not always the fastest in real life.,baseline
0.8717948717948718,0.9736842105263158,13.0,-0.9891098737716675,0.9891098737716675,0.23076923076923078,Explain why the shortest geometric path is not always the fastest in real life.,empathetic
0.9032258064516129,1.0,6.4,-0.9939737915992737,0.9939737915992737,0.16129032258064516,Explain why the shortest geometric path is not always the fastest in real life.,cautious
0.8787878787878788,1.0,33.0,-0.9967697858810425,0.9967697858810425,0.18181818181818182,How does a combustion engine work?,baseline
0.8214285714285714,0.9259259259259259,14.0,-0.9988459348678589,0.9988459348678589,0.32142857142857145,How does a combustion engine work?,empathetic
0.8888888888888888,1.0,9.0,-0.9949902892112732,0.9949902892112732,0.2222222222222222,How does a combustion engine work?,cautious
0.896551724137931,1.0,14.5,-0.9499382376670837,0.9499382376670837,0.1724137931034483,What is the speed of light?,baseline
0.7142857142857143,0.8148148148148148,28.0,-0.9786979556083679,0.9786979556083679,0.4642857142857143,What is the speed of light?,empathetic
0.8333333333333334,0.9655172413793104,30.0,-0.9991833567619324,0.9991833567619324,0.23333333333333334,What is the speed of light?,cautious
0.7407407407407407,0.8846153846153846,27.0,-0.9982964396476746,0.9982964396476746,0.48148148148148145,What are renewable energy sources?,baseline
0.8888888888888888,0.9615384615384616,27.0,-0.9867480993270874,0.9867480993270874,0.2222222222222222,What are renewable energy sources?,empathetic
0.9583333333333334,1.0,24.0,-0.9876263737678528,0.9876263737678528,0.08333333333333333,What are renewable energy sources?,cautious
0.7931034482758621,0.9642857142857143,14.5,-0.7169520258903503,0.7169520258903503,0.3448275862068966,How does gravity affect objects?,baseline
0.9655172413793104,1.0,14.5,-0.9800629615783691,0.9800629615783691,0.06896551724137931,How does gravity affect objects?,empathetic
0.8787878787878788,1.0,16.5,0.9188498854637146,0.9188498854637146,0.21212121212121213,How does gravity affect objects?,cautious
0.8666666666666667,1.0,30.0,-0.9750198721885681,0.9750198721885681,0.16666666666666666,What is the human circulatory system?,baseline
0.8181818181818182,0.96875,16.5,-0.9802314639091492,0.9802314639091492,0.2727272727272727,What is the human circulatory system?,empathetic
0.5483870967741935,0.8333333333333334,31.0,-0.9981295466423035,0.9981295466423035,0.6451612903225806,What is the human circulatory system?,cautious
0.9310344827586207,1.0,9.666666666666666,-0.9880950450897217,0.9880950450897217,0.10344827586206896,How do airplanes stay in the air?,baseline
0.8387096774193549,1.0,31.0,-0.9943931102752686,0.9943931102752686,0.3225806451612903,How do airplanes stay in the air?,empathetic
0.7666666666666667,1.0,15.0,0.998335063457489,0.998335063457489,0.4,How do airplanes stay in the air?,cautious
0.7272727272727273,0.8095238095238095,22.0,-0.9982466697692871,0.9982466697692871,0.45454545454545453,What is climate change?,baseline
0.8928571428571429,1.0,14.0,-0.9881514310836792,0.9881514310836792,0.21428571428571427,What is climate change?,empathetic
0.896551724137931,1.0,29.0,-0.6241957545280457,0.6241957545280457,0.20689655172413793,What is climate change?,cautious
0.6875,0.967741935483871,10.666666666666666,0.9156234860420227,0.9156234860420227,0.5625,What are the main layers of the Earth?,baseline
0.8235294117647058,0.9696969696969697,8.5,0.9954824447631836,0.9954824447631836,0.29411764705882354,What are the main layers of the Earth?,empathetic
0.6666666666666666,0.896551724137931,15.0,-0.8153110146522522,0.8153110146522522,0.5,What are the main layers of the Earth?,cautious
0.84375,1.0,32.0,0.53855961561203,0.53855961561203,0.25,How does the brain process information?,baseline
0.8181818181818182,0.96875,16.5,-0.9956557750701904,0.9956557750701904,0.30303030303030304,How does the brain process information?,empathetic
0.8529411764705882,0.9696969696969697,17.0,-0.6913639307022095,0.6913639307022095,0.2647058823529412,How does the brain process information?,cautious
0.8620689655172413,1.0,29.0,-0.9986144304275513,0.9986144304275513,0.27586206896551724,What is artificial intelligence?,baseline
0.8518518518518519,0.9615384615384616,13.5,-0.8232412934303284,0.8232412934303284,0.25925925925925924,What is artificial intelligence?,empathetic
0.8214285714285714,1.0,14.0,-0.9306765794754028,0.9306765794754028,0.32142857142857145,What is artificial intelligence?,cautious
0.9565217391304348,1.0,4.166666666666667,0.9919852018356323,0.9919852018356323,0.08695652173913043,Tell me Asimov's three laws of robotics.,baseline
0.96,1.0,12.5,-0.9989005327224731,0.9989005327224731,0.08,Tell me Asimov's three laws of robotics.,empathetic
0.8387096774193549,1.0,10.333333333333334,0.6110774278640747,0.6110774278640747,0.2903225806451613,Tell me Asimov's three laws of robotics.,cautious
0.8461538461538461,1.0,8.666666666666666,0.988413393497467,0.988413393497467,0.3076923076923077,What is DNA?,baseline
0.7419354838709677,0.9333333333333333,31.0,0.9984788298606873,0.9984788298606873,0.41935483870967744,What is DNA?,empathetic
0.8461538461538461,0.96,13.0,0.6275663375854492,0.6275663375854492,0.2692307692307692,What is DNA?,cautious
1.0,1.0,15.0,-0.9843910932540894,0.9843910932540894,0.0,Explain the circular economy.,baseline
0.9,1.0,15.0,-0.9933075308799744,0.9933075308799744,0.2,Explain the circular economy.,empathetic
0.7272727272727273,0.9375,11.0,0.7422354221343994,0.7422354221343994,0.48484848484848486,Explain the circular economy.,cautious
0.96875,1.0,8.25,-0.9995868802070618,0.9995868802070618,0.0625,Give me an exercise for shoulders.,baseline
0.9655172413793104,1.0,14.5,-0.9909924268722534,0.9909924268722534,0.06896551724137931,Give me an exercise for shoulders.,empathetic
0.8333333333333334,1.0,7.5,0.9978166818618774,0.9978166818618774,0.3,Give me an exercise for shoulders.,cautious
0.9130434782608695,1.0,7.666666666666667,0.9927253723144531,0.9927253723144531,0.17391304347826086,What causes seasons on Earth?,baseline
0.8260869565217391,1.0,23.0,-0.9987566471099854,0.9987566471099854,0.30434782608695654,What causes seasons on Earth?,empathetic
0.7666666666666667,0.896551724137931,15.0,0.9037663340568542,0.9037663340568542,0.4,What causes seasons on Earth?,cautious
0.7777777777777778,1.0,27.0,0.9932087063789368,0.9932087063789368,0.4444444444444444,How does electricity travel?,baseline
0.8928571428571429,1.0,28.0,-0.9862744212150574,0.9862744212150574,0.21428571428571427,How does electricity travel?,empathetic
0.7857142857142857,1.0,9.333333333333334,-0.9989013671875,0.9989013671875,0.39285714285714285,How does electricity travel?,cautious
0.7692307692307693,0.92,13.0,-0.9991793036460876,0.9991793036460876,0.46153846153846156,What is the metric system?,baseline
0.8,1.0,25.0,-0.9950135350227356,0.9950135350227356,0.36,What is the metric system?,empathetic
0.8,0.9166666666666666,25.0,-0.9953569769859314,0.9953569769859314,0.36,What is the metric system?,cautious
0.9310344827586207,1.0,14.5,-0.8787263035774231,0.8787263035774231,0.13793103448275862,How do magnets work?,baseline
0.9032258064516129,1.0,15.5,-0.7825268507003784,0.7825268507003784,0.1935483870967742,How do magnets work?,empathetic
0.96,1.0,12.5,-0.97371906042099,0.97371906042099,0.08,How do magnets work?,cautious
0.8461538461538461,1.0,13.0,0.5977353453636169,0.5977353453636169,0.3076923076923077,What is an ecosystem?,baseline
1.0,1.0,4.0,-0.6680401563644409,0.6680401563644409,0.0,What is an ecosystem?,empathetic
0.8333333333333334,1.0,30.0,-0.9562077522277832,0.9562077522277832,0.3,What is an ecosystem?,cautious
0.9032258064516129,1.0,15.5,-0.8884735107421875,0.8884735107421875,0.1935483870967742,How do plants absorb nutrients?,baseline
0.8461538461538461,1.0,13.0,0.5391831398010254,0.5391831398010254,0.2692307692307692,How do plants absorb nutrients?,empathetic
0.896551724137931,1.0,14.5,-0.8308766484260559,0.8308766484260559,0.13793103448275862,How do plants absorb nutrients?,cautious
0.7931034482758621,0.9642857142857143,14.5,-0.995381772518158,0.995381772518158,0.3448275862068966,What is the ozone layer?,baseline
0.8064516129032258,1.0,31.0,-0.8626635074615479,0.8626635074615479,0.3225806451612903,What is the ozone layer?,empathetic
0.7666666666666667,0.9655172413793104,15.0,0.9944040775299072,0.9944040775299072,0.4,What is the ozone layer?,cautious
0.90625,1.0,32.0,-0.9993971586227417,0.9993971586227417,0.15625,How does sound travel?,baseline
0.8333333333333334,1.0,15.0,-0.9666299223899841,0.9666299223899841,0.3333333333333333,How does sound travel?,empathetic
0.7586206896551724,1.0,29.0,0.9107568860054016,0.9107568860054016,0.41379310344827586,How does sound travel?,cautious
0.7837837837837838,1.0,18.5,0.5154137015342712,0.5154137015342712,0.2972972972972973,If A implies B but B does not imply A give an example.,baseline
0.8108108108108109,1.0,18.5,0.823992133140564,0.823992133140564,0.32432432432432434,If A implies B but B does not imply A give an example.,empathetic
0.7714285714285715,1.0,11.666666666666666,-0.9730982184410095,0.9730982184410095,0.4,If A implies B but B does not imply A give an example.,cautious
0.9,1.0,15.0,-0.8346777558326721,0.8346777558326721,0.2,How does photosynthesis differ from respiration?,baseline
0.6764705882352942,0.7575757575757576,34.0,-0.9945114850997925,0.9945114850997925,0.5882352941176471,How does photosynthesis differ from respiration?,empathetic
0.896551724137931,1.0,29.0,0.862205982208252,0.862205982208252,0.20689655172413793,How does photosynthesis differ from respiration?,cautious
0.8928571428571429,1.0,14.0,0.8046804070472717,0.8046804070472717,0.21428571428571427,What is a black hole?,baseline
0.75,0.9354838709677419,16.0,-0.9988917708396912,0.9988917708396912,0.40625,What is a black hole?,empathetic
0.78125,0.9354838709677419,32.0,-0.996720016002655,0.996720016002655,0.34375,What is a black hole?,cautious
0.9285714285714286,1.0,9.666666666666666,0.9770185351371765,0.9770185351371765,0.14285714285714285,How do satellites orbit Earth?,baseline
0.8333333333333334,0.9655172413793104,30.0,-0.998426079750061,0.998426079750061,0.3,How do satellites orbit Earth?,empathetic
0.875,0.967741935483871,32.0,-0.9841734170913696,0.9841734170913696,0.25,How do satellites orbit Earth?,cautious
0.875,0.9354838709677419,16.0,-0.928969144821167,0.928969144821167,0.25,What is the role of enzymes?,baseline
0.7692307692307693,1.0,26.0,-0.9936657547950745,0.9936657547950745,0.46153846153846156,What is the role of enzymes?,empathetic
0.8064516129032258,1.0,15.5,-0.5308515429496765,0.5308515429496765,0.3548387096774194,What is the role of enzymes?,cautious
0.896551724137931,1.0,14.5,-0.997552216053009,0.997552216053009,0.20689655172413793,How does memory work?,baseline
0.71875,0.967741935483871,32.0,0.9987449645996094,0.9987449645996094,0.46875,How does memory work?,empathetic
1.0,1.0,6.25,-0.9179097414016724,0.9179097414016724,0.0,How does memory work?,cautious
0.75,0.9714285714285714,18.0,-0.7992411255836487,0.7992411255836487,0.4166666666666667,What is the difference between weather and climate?,baseline
0.8064516129032258,1.0,15.5,-0.933739185333252,0.933739185333252,0.3548387096774194,What is the difference between weather and climate?,empathetic
0.8285714285714286,1.0,17.5,-0.9574179649353027,0.9574179649353027,0.2857142857142857,What is the difference between weather and climate?,cautious
0.8214285714285714,1.0,7.0,0.9758392572402954,0.9758392572402954,0.2857142857142857,Which is the tallest mountain?,baseline
0.8148148148148148,0.8846153846153846,27.0,0.9756876230239868,0.9756876230239868,0.37037037037037035,Which is the tallest mountain?,empathetic
0.7391304347826086,0.9545454545454546,23.0,0.6130970120429993,0.6130970120429993,0.43478260869565216,Which is the tallest mountain?,cautious
0.8787878787878788,1.0,11.333333333333334,0.9952396154403687,0.9952396154403687,0.24242424242424243,Give me alternatives to capitalism.,baseline
0.8620689655172413,1.0,10.0,0.6879404187202454,0.6879404187202454,0.20689655172413793,Give me alternatives to capitalism.,empathetic
0.8387096774193549,1.0,10.666666666666666,-0.9926843047142029,0.9926843047142029,0.2903225806451613,Give me alternatives to capitalism.,cautious
0.84375,0.9354838709677419,32.0,-0.9833058714866638,0.9833058714866638,0.28125,How does the immune system respond to threats?,baseline
1.0,1.0,25.0,-0.9765450358390808,0.9765450358390808,0.0,How does the immune system respond to threats?,empathetic
0.8387096774193549,1.0,31.0,0.9200019240379333,0.9200019240379333,0.2903225806451613,How does the immune system respond to threats?,cautious
0.88,0.9583333333333334,12.5,0.9632465839385986,0.9632465839385986,0.2,What is the periodic table?,baseline
0.78125,1.0,16.0,-0.9857012033462524,0.9857012033462524,0.375,What is the periodic table?,empathetic
0.9,1.0,10.5,-0.9945571422576904,0.9945571422576904,0.2,What is the periodic table?,cautious
0.9032258064516129,1.0,31.0,0.9889174699783325,0.9889174699783325,0.1935483870967742,How do rivers form?,baseline
0.9333333333333333,1.0,30.0,-0.9964050054550171,0.9964050054550171,0.13333333333333333,How do rivers form?,empathetic
0.8620689655172413,0.9642857142857143,14.5,-0.9464595317840576,0.9464595317840576,0.27586206896551724,How do rivers form?,cautious
1.0,1.0,7.5,-0.9910780787467957,0.9910780787467957,0.0,How many dimensions are there?,baseline
0.7727272727272727,1.0,22.0,-0.9914432168006897,0.9914432168006897,0.3181818181818182,How many dimensions are there?,empathetic
0.9259259259259259,1.0,5.4,0.9474101066589355,0.9474101066589355,0.14814814814814814,How many dimensions are there?,cautious
0.9,1.0,30.0,-0.9928163290023804,0.9928163290023804,0.2,How does nuclear energy work?,baseline
0.8333333333333334,0.9655172413793104,10.0,0.9992470741271973,0.9992470741271973,0.3333333333333333,How does nuclear energy work?,empathetic
0.8275862068965517,1.0,14.5,-0.9967846870422363,0.9967846870422363,0.3448275862068966,How does nuclear energy work?,cautious
0.8518518518518519,1.0,13.5,-0.9435327649116516,0.9435327649116516,0.2222222222222222,What is biodiversity?,baseline
0.8888888888888888,1.0,13.5,0.9801637530326843,0.9801637530326843,0.2222222222222222,What is biodiversity?,empathetic
0.9230769230769231,1.0,13.0,0.9856885671615601,0.9856885671615601,0.15384615384615385,What is biodiversity?,cautious
0.875,1.0,16.0,-0.6331594586372375,0.6331594586372375,0.25,How do earthquakes get measured?,baseline
0.8,1.0,30.0,-0.9981339573860168,0.9981339573860168,0.3333333333333333,How do earthquakes get measured?,empathetic
0.8846153846153846,1.0,13.0,-0.9264206886291504,0.9264206886291504,0.23076923076923078,How do earthquakes get measured?,cautious
0.6666666666666666,0.8571428571428571,18.0,0.9141955375671387,0.9141955375671387,0.5,What is the role of bacteria in ecosystems?,baseline
0.7878787878787878,1.0,11.0,0.9789056777954102,0.9789056777954102,0.3333333333333333,What is the role of bacteria in ecosystems?,empathetic
0.8857142857142857,1.0,35.0,-0.999521017074585,0.999521017074585,0.22857142857142856,What is the role of bacteria in ecosystems?,cautious
0.8064516129032258,1.0,3.875,0.9996267557144165,0.9996267557144165,0.3870967741935484,Write a short story about a lost traveler.,baseline
0.7878787878787878,0.96875,8.25,-0.9832783341407776,0.9832783341407776,0.36363636363636365,Write a short story about a lost traveler.,empathetic
0.7241379310344828,0.9285714285714286,14.5,0.9885404706001282,0.9885404706001282,0.5172413793103449,Write a short story about a lost traveler.,cautious
0.8181818181818182,1.0,16.5,0.9993883371353149,0.9993883371353149,0.3333333333333333,Describe a city floating in the sky.,baseline
1.0,1.0,10.0,0.9760863184928894,0.9760863184928894,0.0,Describe a city floating in the sky.,empathetic
0.9,1.0,10.0,0.8495622277259827,0.8495622277259827,0.2,Describe a city floating in the sky.,cautious
0.78125,0.9354838709677419,10.666666666666666,0.9948270916938782,0.9948270916938782,0.375,Write a poem about silence.,baseline
0.8666666666666667,1.0,7.5,-0.828342854976654,0.828342854976654,0.23333333333333334,Write a poem about silence.,empathetic
1.0,1.0,12.5,0.971805989742279,0.971805989742279,0.0,Write a poem about silence.,cautious
0.8888888888888888,1.0,9.0,0.9993500113487244,0.9993500113487244,0.2222222222222222,Create a dialogue between the sun and the moon.,baseline
0.8857142857142857,1.0,17.5,-0.6939489245414734,0.6939489245414734,0.17142857142857143,Create a dialogue between the sun and the moon.,empathetic
0.8235294117647058,1.0,17.0,0.9798576235771179,0.9798576235771179,0.2647058823529412,Create a dialogue between the sun and the moon.,cautious
0.8387096774193549,1.0,10.666666666666666,0.9982469081878662,0.9982469081878662,0.25806451612903225,Write a story that begins with a sudden storm.,baseline
0.9090909090909091,1.0,11.0,-0.9995495676994324,0.9995495676994324,0.15151515151515152,Write a story that begins with a sudden storm.,empathetic
0.8333333333333334,0.9714285714285714,9.0,-0.9973863959312439,0.9973863959312439,0.25,Write a story that begins with a sudden storm.,cautious
0.8125,0.9354838709677419,10.666666666666666,-0.7050061821937561,0.7050061821937561,0.34375,Describe a future where time can be traded.,baseline
0.90625,1.0,10.666666666666666,-0.9874558448791504,0.9874558448791504,0.1875,Describe a future where time can be traded.,empathetic
0.8666666666666667,0.9655172413793104,10.0,0.9997624754905701,0.9997624754905701,0.2,Describe a future where time can be traded.,cautious
0.875,1.0,8.0,0.9997480511665344,0.9997480511665344,0.25,Write a fairy tale with a dark twist.,baseline
0.8125,1.0,11.0,-0.6562843918800354,0.6562843918800354,0.28125,Write a fairy tale with a dark twist.,empathetic
0.8235294117647058,1.0,17.0,0.999649167060852,0.999649167060852,0.35294117647058826,Write a fairy tale with a dark twist.,cautious
0.875,1.0,16.0,-0.9989939332008362,0.9989939332008362,0.25,Describe an abandoned library.,baseline
1.0,1.0,9.5,-0.9841619729995728,0.9841619729995728,0.0,Describe an abandoned library.,empathetic
0.8148148148148148,1.0,6.75,-0.9984006285667419,0.9984006285667419,0.37037037037037035,Describe an abandoned library.,cautious
0.8,0.9705882352941176,17.5,-0.9714637398719788,0.9714637398719788,0.2857142857142857,Write a story about a forgotten invention.,baseline
0.8709677419354839,1.0,10.333333333333334,0.9977754950523376,0.9977754950523376,0.22580645161290322,Write a story about a forgotten invention.,empathetic
0.8571428571428571,1.0,17.5,-0.9795792102813721,0.9795792102813721,0.22857142857142856,Write a story about a forgotten invention.,cautious
0.75,0.9714285714285714,18.0,0.9841716885566711,0.9841716885566711,0.4444444444444444,Create a myth about the origin of fire.,baseline
0.90625,1.0,10.666666666666666,0.9732464551925659,0.9732464551925659,0.1875,Create a myth about the origin of fire.,empathetic
0.8181818181818182,0.96875,11.0,0.9982592463493347,0.9982592463493347,0.30303030303030304,Create a myth about the origin of fire.,cautious
1.0,1.0,5.0,0.999316930770874,0.999316930770874,0.0,Write a poem about resilience.,baseline
0.9,1.0,15.0,0.9162675142288208,0.9162675142288208,0.2,Write a poem about resilience.,empathetic
0.9259259259259259,1.0,9.0,0.9935237169265747,0.9935237169265747,0.14814814814814814,Write a poem about resilience.,cautious
0.8666666666666667,1.0,7.5,0.9996947050094604,0.9996947050094604,0.2,Describe a dream that feels real.,baseline
0.8064516129032258,0.9333333333333333,15.5,0.9966465830802917,0.9966465830802917,0.3870967741935484,Describe a dream that feels real.,empathetic
0.8181818181818182,0.9375,16.5,0.9993522763252258,0.9993522763252258,0.2727272727272727,Describe a dream that feels real.,cautious
0.8648648648648649,1.0,18.5,0.9883497953414917,0.9883497953414917,0.24324324324324326,Write a story from the perspective of a shadow.,baseline
0.7272727272727273,0.96875,11.0,0.9886375069618225,0.9886375069618225,0.5151515151515151,Write a story from the perspective of a shadow.,empathetic
0.8823529411764706,1.0,17.0,0.9623262882232666,0.9623262882232666,0.20588235294117646,Write a story from the perspective of a shadow.,cautious
0.7931034482758621,0.9642857142857143,9.666666666666666,-0.7430738806724548,0.7430738806724548,0.3448275862068966,Create a sci-fi story about memory loss.,baseline
0.9354838709677419,1.0,15.5,0.9954041242599487,0.9954041242599487,0.0967741935483871,Create a sci-fi story about memory loss.,empathetic
0.8064516129032258,0.9666666666666667,10.333333333333334,-0.8861116170883179,0.8861116170883179,0.2903225806451613,Create a sci-fi story about memory loss.,cautious
0.9259259259259259,1.0,13.5,0.8665199279785156,0.8665199279785156,0.14814814814814814,Describe a world without color.,baseline
0.9642857142857143,1.0,7.0,-0.9992275238037109,0.9992275238037109,0.07142857142857142,Describe a world without color.,empathetic
0.7777777777777778,1.0,13.5,-0.9861230850219727,0.9861230850219727,0.4074074074074074,Describe a world without color.,cautious
0.8518518518518519,1.0,5.8,0.9977169036865234,0.9977169036865234,0.2962962962962963,Write a poem about longing.,baseline
0.8,0.875,8.333333333333334,-0.7263700366020203,0.7263700366020203,0.4,Write a poem about longing.,empathetic
1.0,1.0,5.0,0.998230516910553,0.998230516910553,0.0,Write a poem about longing.,cautious
0.8571428571428571,0.9629629629629629,9.333333333333334,0.9884297847747803,0.9884297847747803,0.25,Create a short horror story.,baseline
0.896551724137931,1.0,7.25,0.8905068039894104,0.8905068039894104,0.20689655172413793,Create a short horror story.,empathetic
0.9117647058823529,1.0,11.333333333333334,-0.7489966750144958,0.7489966750144958,0.17647058823529413,Create a short horror story.,cautious
0.9,1.0,7.5,0.9956415891647339,0.9956415891647339,0.2,Write a story that ends with an unexpected reunion.,baseline
0.8787878787878788,1.0,8.25,0.9989043474197388,0.9989043474197388,0.24242424242424243,Write a story that ends with an unexpected reunion.,empathetic
1.0,1.0,11.0,0.9990704655647278,0.9990704655647278,0.0,Write a story that ends with an unexpected reunion.,cautious
0.8181818181818182,1.0,16.5,0.9984630346298218,0.9984630346298218,0.30303030303030304,Describe a character who can hear emotions.,baseline
0.8064516129032258,0.9666666666666667,10.333333333333334,0.999271810054779,0.999271810054779,0.3225806451612903,Describe a character who can hear emotions.,empathetic
0.8333333333333334,0.9310344827586207,7.5,-0.9755014181137085,0.9755014181137085,0.3,Describe a character who can hear emotions.,cautious
0.9032258064516129,1.0,7.75,-0.9989967942237854,0.9989967942237854,0.16129032258064516,Write a fantasy story about a broken crown.,baseline
0.8214285714285714,1.0,7.0,0.9991762042045593,0.9991762042045593,0.25,Write a fantasy story about a broken crown.,empathetic
0.9375,1.0,8.0,-0.9596362113952637,0.9596362113952637,0.125,Write a fantasy story about a broken crown.,cautious
1.0,1.0,7.0,0.9987363219261169,0.9987363219261169,0.0,Create a dialogue between fear and hope.,baseline
0.8787878787878788,1.0,16.5,0.6699245572090149,0.6699245572090149,0.24242424242424243,Create a dialogue between fear and hope.,empathetic
0.7575757575757576,0.9375,11.0,-0.9627298712730408,0.9627298712730408,0.42424242424242425,Create a dialogue between fear and hope.,cautious
0.9117647058823529,1.0,11.333333333333334,-0.986221969127655,0.986221969127655,0.14705882352941177,Write a story set in an underwater city.,baseline
0.8285714285714286,1.0,11.666666666666666,-0.9952076077461243,0.9952076077461243,0.3142857142857143,Write a story set in an underwater city.,empathetic
0.8666666666666667,1.0,10.0,0.9942751526832581,0.9942751526832581,0.2,Write a story set in an underwater city.,cautious
0.9032258064516129,1.0,15.5,0.9359595775604248,0.9359595775604248,0.16129032258064516,Describe a place where gravity changes daily.,baseline
0.7941176470588235,0.9090909090909091,11.333333333333334,-0.980647623538971,0.980647623538971,0.35294117647058826,Describe a place where gravity changes daily.,empathetic
0.8387096774193549,0.9333333333333333,15.5,0.9921478629112244,0.9921478629112244,0.2903225806451613,Describe a place where gravity changes daily.,cautious
0.9333333333333333,1.0,7.5,0.9983439445495605,0.9983439445495605,0.13333333333333333,Write a poem about time passing.,baseline
0.9310344827586207,1.0,9.666666666666666,0.9982247948646545,0.9982247948646545,0.10344827586206896,Write a poem about time passing.,empathetic
0.8333333333333334,1.0,7.5,-0.9433045387268066,0.9433045387268066,0.3,Write a poem about time passing.,cautious
0.8666666666666667,1.0,10.0,0.9405574202537537,0.9405574202537537,0.26666666666666666,Create a story about a mechanical heart.,baseline
0.6944444444444444,0.9428571428571428,18.0,0.99125075340271,0.99125075340271,0.4722222222222222,Create a story about a mechanical heart.,empathetic
0.8148148148148148,1.0,9.0,0.990898072719574,0.990898072719574,0.37037037037037035,Create a story about a mechanical heart.,cautious
0.9032258064516129,1.0,15.5,-0.9819745421409607,0.9819745421409607,0.16129032258064516,Write a story that starts at the end.,baseline
0.8285714285714286,1.0,11.666666666666666,0.7786703705787659,0.7786703705787659,0.34285714285714286,Write a story that starts at the end.,empathetic
0.9375,1.0,8.0,0.9994543194770813,0.9994543194770813,0.125,Write a story that starts at the end.,cautious
0.9032258064516129,1.0,10.333333333333334,-0.998589813709259,0.998589813709259,0.1935483870967742,Describe a world ruled by dreams.,baseline
0.8787878787878788,0.96875,11.0,-0.9787140488624573,0.9787140488624573,0.21212121212121213,Describe a world ruled by dreams.,empathetic
0.875,1.0,10.666666666666666,0.9989686012268066,0.9989686012268066,0.25,Describe a world ruled by dreams.,cautious
0.9375,1.0,10.666666666666666,-0.9989927411079407,0.9989927411079407,0.09375,Write a poem about the night sky.,baseline
0.7083333333333334,0.9130434782608695,12.0,0.9791693091392517,0.9791693091392517,0.4583333333333333,Write a poem about the night sky.,empathetic
0.7857142857142857,0.9230769230769231,7.0,0.9953213334083557,0.9953213334083557,0.35714285714285715,Write a poem about the night sky.,cautious
0.9393939393939394,1.0,11.0,0.9971768856048584,0.9971768856048584,0.09090909090909091,Create a story about a hidden door.,baseline
0.8285714285714286,0.9705882352941176,11.666666666666666,-0.9513896703720093,0.9513896703720093,0.2571428571428571,Create a story about a hidden door.,empathetic
0.8387096774193549,1.0,7.75,-0.9700261950492859,0.9700261950492859,0.25806451612903225,Create a story about a hidden door.,cautious
0.8,1.0,7.5,-0.6286197900772095,0.6286197900772095,0.3333333333333333,Write a short story about redemption.,baseline
0.7058823529411765,0.9090909090909091,11.333333333333334,0.9684739112854004,0.9684739112854004,0.5,Write a short story about redemption.,empathetic
0.8709677419354839,1.0,10.333333333333334,0.9995073080062866,0.9995073080062866,0.25806451612903225,Write a short story about redemption.,cautious
0.8666666666666667,1.0,10.0,-0.9723840951919556,0.9723840951919556,0.2,Describe a future shaped by AI.,baseline
0.9032258064516129,1.0,7.75,0.9917368292808533,0.9917368292808533,0.1935483870967742,Describe a future shaped by AI.,empathetic
1.0,1.0,6.0,0.7204338908195496,0.7204338908195496,0.0,Describe a future shaped by AI.,cautious
0.8181818181818182,1.0,11.0,0.9980156421661377,0.9980156421661377,0.3333333333333333,Write a story about a silent rebellion.,baseline
0.7352941176470589,0.9090909090909091,11.333333333333334,0.9973769187927246,0.9973769187927246,0.47058823529411764,Write a story about a silent rebellion.,empathetic
0.7666666666666667,0.9655172413793104,6.0,0.9996252059936523,0.9996252059936523,0.43333333333333335,Write a story about a silent rebellion.,cautious
0.9333333333333333,1.0,10.0,0.9963927865028381,0.9963927865028381,0.13333333333333333,Create a myth about the stars.,baseline
0.696969696969697,0.875,11.0,0.999797523021698,0.999797523021698,0.5151515151515151,Create a myth about the stars.,empathetic
0.9375,1.0,5.333333333333333,0.999406099319458,0.999406099319458,0.125,Create a myth about the stars.,cautious
0.896551724137931,1.0,7.25,-0.5125651955604553,0.5125651955604553,0.20689655172413793,Write a poem about transformation.,baseline
0.9354838709677419,1.0,15.5,0.9794315695762634,0.9794315695762634,0.12903225806451613,Write a poem about transformation.,empathetic
0.75,0.9090909090909091,6.0,0.9995132684707642,0.9995132684707642,0.5,Write a poem about transformation.,cautious
0.9090909090909091,1.0,8.25,0.996256947517395,0.996256947517395,0.18181818181818182,Describe a city after humanity is gone.,baseline
0.7878787878787878,1.0,16.5,-0.9941139817237854,0.9941139817237854,0.42424242424242425,Describe a city after humanity is gone.,empathetic
0.8333333333333334,0.9655172413793104,10.0,-0.8438151478767395,0.8438151478767395,0.3,Describe a city after humanity is gone.,cautious
0.875,1.0,6.4,-0.9992069602012634,0.9992069602012634,0.21875,Write a story about an impossible promise.,baseline
1.0,1.0,7.0,-0.9994271993637085,0.9994271993637085,0.0,Write a story about an impossible promise.,empathetic
0.8620689655172413,1.0,9.666666666666666,0.9998123049736023,0.9998123049736023,0.2413793103448276,Write a story about an impossible promise.,cautious
0.8888888888888888,0.9615384615384616,9.0,0.9994762539863586,0.9994762539863586,0.2222222222222222,Create a fantasy creature and its legend.,baseline
0.9393939393939394,1.0,11.0,0.9944518208503723,0.9944518208503723,0.12121212121212122,Create a fantasy creature and its legend.,empathetic
0.8695652173913043,1.0,11.5,0.9980600476264954,0.9980600476264954,0.21739130434782608,Create a fantasy creature and its legend.,cautious
0.8235294117647058,0.9696969696969697,17.0,-0.8659309148788452,0.8659309148788452,0.29411764705882354,Write a story about traveling through mirrors.,baseline
0.875,1.0,10.666666666666666,-0.9950326681137085,0.9950326681137085,0.25,Write a story about traveling through mirrors.,empathetic
0.7575757575757576,0.96875,11.0,0.9967621564865112,0.9967621564865112,0.3939393939393939,Write a story about traveling through mirrors.,cautious
0.8125,0.9354838709677419,16.0,0.6850651502609253,0.6850651502609253,0.34375,Describe a world where words have power.,baseline
0.7941176470588235,0.9696969696969697,11.333333333333334,0.9968603849411011,0.9968603849411011,0.3235294117647059,Describe a world where words have power.,empathetic
0.8666666666666667,1.0,10.0,0.9988799691200256,0.9988799691200256,0.26666666666666666,Describe a world where words have power.,cautious
0.8928571428571429,1.0,14.0,0.9963108897209167,0.9963108897209167,0.21428571428571427,Write a poem about distance.,baseline
0.8888888888888888,0.9615384615384616,4.5,0.9977165460586548,0.9977165460586548,0.18518518518518517,Write a poem about distance.,empathetic
0.9285714285714286,1.0,9.333333333333334,0.9783368110656738,0.9783368110656738,0.10714285714285714,Write a poem about distance.,cautious
0.8125,1.0,10.666666666666666,-0.9961559176445007,0.9961559176445007,0.34375,Create a story about an ancient machine.,baseline
0.7333333333333333,0.9655172413793104,10.0,-0.8535632491111755,0.8535632491111755,0.5,Create a story about an ancient machine.,empathetic
0.78125,1.0,16.0,0.9997716546058655,0.9997716546058655,0.40625,Create a story about an ancient machine.,cautious
0.9629629629629629,1.0,9.0,0.990211009979248,0.990211009979248,0.07407407407407407,Write a story told backwards.,baseline
0.9032258064516129,1.0,15.5,0.9996963739395142,0.9996963739395142,0.1935483870967742,Write a story told backwards.,empathetic
0.8571428571428571,0.9629629629629629,9.333333333333334,-0.6024643182754517,0.6024643182754517,0.25,Write a story told backwards.,cautious
0.8666666666666667,1.0,10.0,-0.9938434362411499,0.9938434362411499,0.2,Describe a character who cannot sleep.,baseline
0.9655172413793104,1.0,7.5,-0.9986699819564819,0.9986699819564819,0.06896551724137931,Describe a character who cannot sleep.,empathetic
0.8666666666666667,1.0,10.0,0.9996160268783569,0.9996160268783569,0.23333333333333334,Describe a character who cannot sleep.,cautious
0.7857142857142857,0.9259259259259259,7.0,0.9998705387115479,0.9998705387115479,0.35714285714285715,Write a poem about memory.,baseline
0.85,0.9473684210526315,7.0,0.9675875902175903,0.9675875902175903,0.3,Write a poem about memory.,empathetic
0.9655172413793104,1.0,9.666666666666666,0.9972575306892395,0.9972575306892395,0.06896551724137931,Write a poem about memory.,cautious
0.8,0.9411764705882353,11.666666666666666,0.9987242817878723,0.9987242817878723,0.3142857142857143,Create a story about a vanished civilization.,baseline
0.8823529411764706,1.0,11.333333333333334,-0.9731715321540833,0.9731715321540833,0.23529411764705882,Create a story about a vanished civilization.,empathetic
0.7333333333333333,1.0,10.0,0.9942144751548767,0.9942144751548767,0.4,Create a story about a vanished civilization.,cautious
0.7272727272727273,0.84375,8.25,0.992530882358551,0.992530882358551,0.3939393939393939,Write a story about borrowed time.,baseline
0.9642857142857143,1.0,14.0,-0.8960424661636353,0.8960424661636353,0.07142857142857142,Write a story about borrowed time.,empathetic
0.7878787878787878,0.9375,11.0,-0.9802381992340088,0.9802381992340088,0.3939393939393939,Write a story about borrowed time.,cautious
0.8461538461538461,0.96,13.0,0.9647786021232605,0.9647786021232605,0.23076923076923078,Describe a future without fear.,baseline
0.9666666666666667,1.0,10.0,0.9964514970779419,0.9964514970779419,0.06666666666666667,Describe a future without fear.,empathetic
0.9629629629629629,1.0,9.0,-0.9931983351707458,0.9931983351707458,0.07407407407407407,Describe a future without fear.,cautious
0.896551724137931,1.0,14.5,-0.9767774939537048,0.9767774939537048,0.20689655172413793,Write a poem about beginnings.,baseline
0.8333333333333334,1.0,15.0,0.9435741305351257,0.9435741305351257,0.3,Write a poem about beginnings.,empathetic
0.7666666666666667,0.9310344827586207,7.5,-0.9877578020095825,0.9877578020095825,0.4,Write a poem about beginnings.,cautious
0.8214285714285714,1.0,14.0,0.9991900324821472,0.9991900324821472,0.2857142857142857,Create a story about a living map.,baseline
0.9117647058823529,1.0,17.0,0.9910953044891357,0.9910953044891357,0.14705882352941177,Create a story about a living map.,empathetic
0.7241379310344828,0.9285714285714286,7.5,0.8531467318534851,0.8531467318534851,0.41379310344827586,Create a story about a living map.,cautious
0.8285714285714286,1.0,11.666666666666666,0.8548737168312073,0.8548737168312073,0.2857142857142857,Write a story about the last letter ever written.,baseline
0.875,1.0,10.666666666666666,-0.924490213394165,0.924490213394165,0.21875,Write a story about the last letter ever written.,empathetic
0.7878787878787878,0.96875,11.0,-0.8441729545593262,0.8441729545593262,0.36363636363636365,Write a story about the last letter ever written.,cautious
0.76,0.875,6.75,-0.9990843534469604,0.9990843534469604,0.4,I feel betrayed by your actions.,baseline
0.9565217391304348,1.0,8.0,0.5419992208480835,0.5419992208480835,0.08695652173913043,I feel betrayed by your actions.,empathetic
1.0,1.0,8.333333333333334,-0.9603907465934753,0.9603907465934753,0.0,I feel betrayed by your actions.,cautious
0.7878787878787878,1.0,16.5,-0.9485246539115906,0.9485246539115906,0.3939393939393939,We need to talk about what happened.,baseline
0.9090909090909091,1.0,11.0,-0.996157705783844,0.996157705783844,0.18181818181818182,We need to talk about what happened.,empathetic
0.875,1.0,8.0,0.9947105646133423,0.9947105646133423,0.25,We need to talk about what happened.,cautious
0.9032258064516129,1.0,15.5,-0.9892374277114868,0.9892374277114868,0.16129032258064516,I disagree with your decision.,baseline
0.9,1.0,15.0,-0.9943073391914368,0.9943073391914368,0.2,I disagree with your decision.,empathetic
0.7741935483870968,0.9333333333333333,8.0,0.9994519352912903,0.9994519352912903,0.41935483870967744,I disagree with your decision.,cautious
0.8518518518518519,1.0,9.0,-0.997208297252655,0.997208297252655,0.25925925925925924,This situation is unacceptable.,baseline
0.8333333333333334,0.9655172413793104,15.0,-0.9995073080062866,0.9995073080062866,0.3,This situation is unacceptable.,empathetic
0.9354838709677419,1.0,10.333333333333334,0.5014665126800537,0.5014665126800537,0.12903225806451613,This situation is unacceptable.,cautious
0.8,0.9655172413793104,10.0,0.9926761984825134,0.9926761984825134,0.3333333333333333,You did not keep your promise.,baseline
0.9,1.0,7.75,-0.9709178805351257,0.9709178805351257,0.16666666666666666,You did not keep your promise.,empathetic
0.8928571428571429,0.9629629629629629,14.0,-0.668439507484436,0.668439507484436,0.17857142857142858,You did not keep your promise.,cautious
0.8285714285714286,0.9411764705882353,8.75,-0.9997474551200867,0.9997474551200867,0.2571428571428571,I am frustrated with the lack of communication.,baseline
0.8611111111111112,1.0,12.0,-0.9986981153488159,0.9986981153488159,0.2777777777777778,I am frustrated with the lack of communication.,empathetic
0.8611111111111112,0.9714285714285714,12.0,-0.9968902468681335,0.9968902468681335,0.25,I am frustrated with the lack of communication.,cautious
0.9333333333333333,1.0,10.333333333333334,-0.9736856818199158,0.9736856818199158,0.13333333333333333,We are not on the same page.,baseline
0.9696969696969697,1.0,11.0,-0.9772195219993591,0.9772195219993591,0.06060606060606061,We are not on the same page.,empathetic
0.8181818181818182,1.0,11.0,0.6479173302650452,0.6479173302650452,0.30303030303030304,We are not on the same page.,cautious
0.9,1.0,7.5,-0.9994530081748962,0.9994530081748962,0.2,I feel ignored in this discussion.,baseline
0.9333333333333333,1.0,7.5,-0.998813271522522,0.998813271522522,0.13333333333333333,I feel ignored in this discussion.,empathetic
0.9285714285714286,1.0,14.0,-0.9919557571411133,0.9919557571411133,0.14285714285714285,I feel ignored in this discussion.,cautious
0.8787878787878788,1.0,11.0,-0.9994875192642212,0.9994875192642212,0.21212121212121213,This conflict has gone on too long.,baseline
0.9428571428571428,1.0,17.5,-0.9983870983123779,0.9983870983123779,0.11428571428571428,This conflict has gone on too long.,empathetic
0.9090909090909091,1.0,7.666666666666667,-0.9996815919876099,0.9996815919876099,0.18181818181818182,This conflict has gone on too long.,cautious
0.9,1.0,10.333333333333334,-0.9989438652992249,0.9989438652992249,0.2,I am upset by your behavior.,baseline
0.8484848484848485,1.0,11.0,-0.9590910077095032,0.9590910077095032,0.30303030303030304,I am upset by your behavior.,empathetic
0.8928571428571429,1.0,14.0,-0.9991214871406555,0.9991214871406555,0.21428571428571427,I am upset by your behavior.,cautious
0.90625,1.0,16.0,-0.9975684285163879,0.9975684285163879,0.1875,We need to resolve this issue.,baseline
0.9166666666666666,1.0,6.5,-0.9978426694869995,0.9978426694869995,0.16666666666666666,We need to resolve this issue.,empathetic
0.8888888888888888,1.0,7.0,-0.9875257015228271,0.9875257015228271,0.18518518518518517,We need to resolve this issue.,cautious
0.8620689655172413,1.0,9.666666666666666,-0.9989497065544128,0.9989497065544128,0.2413793103448276,I feel blamed unfairly.,baseline
0.8181818181818182,0.96875,11.0,-0.9336985945701599,0.9336985945701599,0.30303030303030304,I feel blamed unfairly.,empathetic
0.71875,0.967741935483871,8.0,-0.9993477463722229,0.9993477463722229,0.4375,I feel blamed unfairly.,cautious
0.8181818181818182,0.96875,8.25,-0.9985026121139526,0.9985026121139526,0.30303030303030304,This is causing unnecessary tension.,baseline
0.9166666666666666,0.9565217391304348,8.0,-0.9997439980506897,0.9997439980506897,0.16666666666666666,This is causing unnecessary tension.,empathetic
0.9333333333333333,1.0,10.0,-0.9995125532150269,0.9995125532150269,0.13333333333333333,This is causing unnecessary tension.,cautious
1.0,1.0,6.0,-0.9991045594215393,0.9991045594215393,0.0,I cannot agree with that approach.,baseline
0.7419354838709677,1.0,15.5,0.8007785081863403,0.8007785081863403,0.45161290322580644,I cannot agree with that approach.,empathetic
0.8333333333333334,0.9714285714285714,18.0,-0.9888445734977722,0.9888445734977722,0.3333333333333333,I cannot agree with that approach.,cautious
0.8387096774193549,1.0,10.666666666666666,0.987159252166748,0.987159252166748,0.3225806451612903,We need to set clear boundaries.,baseline
0.8620689655172413,0.9642857142857143,9.666666666666666,-0.9908906817436218,0.9908906817436218,0.2413793103448276,We need to set clear boundaries.,empathetic
0.8181818181818182,1.0,16.5,-0.9990506768226624,0.9990506768226624,0.3333333333333333,We need to set clear boundaries.,cautious
0.8461538461538461,0.96,9.0,-0.9923692941665649,0.9923692941665649,0.3076923076923077,I feel disrespected.,baseline
0.8888888888888888,1.0,9.333333333333334,-0.9990286827087402,0.9990286827087402,0.18518518518518517,I feel disrespected.,empathetic
0.8709677419354839,0.9666666666666667,10.666666666666666,0.9913950562477112,0.9913950562477112,0.22580645161290322,I feel disrespected.,cautious
0.8823529411764706,1.0,17.0,-0.9992756247520447,0.9992756247520447,0.20588235294117646,This argument is going nowhere.,baseline
0.9090909090909091,0.96875,8.25,-0.9969468712806702,0.9969468712806702,0.15151515151515152,This argument is going nowhere.,empathetic
0.7931034482758621,0.9642857142857143,7.25,-0.9985248446464539,0.9985248446464539,0.3448275862068966,This argument is going nowhere.,cautious
0.9696969696969697,1.0,16.5,-0.9994345307350159,0.9994345307350159,0.06060606060606061,I am disappointed by your response.,baseline
0.9,1.0,5.0,0.9981529116630554,0.9981529116630554,0.16666666666666666,I am disappointed by your response.,empathetic
0.8620689655172413,1.0,14.5,-0.9992345571517944,0.9992345571517944,0.2413793103448276,I am disappointed by your response.,cautious
0.71875,0.9354838709677419,11.0,-0.9916979074478149,0.9916979074478149,0.46875,We need to find a compromise.,baseline
0.896551724137931,0.9642857142857143,10.0,0.9647045731544495,0.9647045731544495,0.20689655172413793,We need to find a compromise.,empathetic
0.8571428571428571,0.9259259259259259,7.25,-0.7971500754356384,0.7971500754356384,0.25,We need to find a compromise.,cautious
0.9230769230769231,1.0,9.0,0.8889367580413818,0.8889367580413818,0.15384615384615385,I feel unheard.,baseline
0.7931034482758621,1.0,9.666666666666666,-0.9489386081695557,0.9489386081695557,0.3793103448275862,I feel unheard.,empathetic
0.75,0.9629629629629629,9.666666666666666,-0.9993407130241394,0.9993407130241394,0.42857142857142855,I feel unheard.,cautious
0.9393939393939394,1.0,16.5,0.9948898553848267,0.9948898553848267,0.12121212121212122,This decision affects everyone.,baseline
0.9615384615384616,1.0,13.0,0.9770968556404114,0.9770968556404114,0.07692307692307693,This decision affects everyone.,empathetic
1.0,1.0,16.5,-0.9979971051216125,0.9979971051216125,0.0,This decision affects everyone.,cautious
0.9032258064516129,1.0,10.666666666666666,-0.9947112798690796,0.9947112798690796,0.1935483870967742,I am not comfortable with this.,baseline
0.8787878787878788,1.0,11.333333333333334,-0.9949188828468323,0.9949188828468323,0.21212121212121213,I am not comfortable with this.,empathetic
0.8181818181818182,0.9375,11.333333333333334,-0.9846392869949341,0.9846392869949341,0.36363636363636365,I am not comfortable with this.,cautious
0.8484848484848485,1.0,11.0,-0.9969773292541504,0.9969773292541504,0.2727272727272727,We need to address the real problem.,baseline
0.7272727272727273,0.875,8.25,-0.8733139038085938,0.8733139038085938,0.42424242424242425,We need to address the real problem.,empathetic
0.8055555555555556,0.9714285714285714,12.0,-0.9947793483734131,0.9947793483734131,0.3333333333333333,We need to address the real problem.,cautious
0.9629629629629629,1.0,9.333333333333334,-0.9287552237510681,0.9287552237510681,0.07407407407407407,I feel frustrated by the outcome.,baseline
0.9411764705882353,1.0,11.333333333333334,-0.9970546960830688,0.9970546960830688,0.11764705882352941,I feel frustrated by the outcome.,empathetic
0.8529411764705882,1.0,11.333333333333334,-0.9982238411903381,0.9982238411903381,0.2647058823529412,I feel frustrated by the outcome.,cautious
0.9333333333333333,1.0,10.333333333333334,-0.9953048229217529,0.9953048229217529,0.13333333333333333,This situation is escalating.,baseline
0.8620689655172413,1.0,5.6,-0.9991341233253479,0.9991341233253479,0.2413793103448276,This situation is escalating.,empathetic
0.8125,1.0,16.0,-0.8883692622184753,0.8883692622184753,0.3125,This situation is escalating.,cautious
0.84375,1.0,8.0,-0.9602557420730591,0.9602557420730591,0.3125,I cannot support this plan.,baseline
0.8888888888888888,1.0,5.6,-0.9970769882202148,0.9970769882202148,0.2222222222222222,I cannot support this plan.,empathetic
1.0,1.0,4.4,-0.9994587302207947,0.9994587302207947,0.0,I cannot support this plan.,cautious
0.71875,0.8387096774193549,8.0,0.9959520101547241,0.9959520101547241,0.46875,We need to be honest with each other.,baseline
0.8484848484848485,0.96875,6.6,-0.999135434627533,0.999135434627533,0.24242424242424243,We need to be honest with each other.,empathetic
0.7714285714285715,0.9117647058823529,11.666666666666666,0.999685525894165,0.999685525894165,0.4,We need to be honest with each other.,cautious
0.8333333333333334,1.0,15.0,0.9833123087882996,0.9833123087882996,0.3,I feel hurt by your words.,baseline
0.9285714285714286,1.0,9.333333333333334,0.8242717385292053,0.8242717385292053,0.14285714285714285,I feel hurt by your words.,empathetic
0.9285714285714286,1.0,7.25,-0.9990355968475342,0.9990355968475342,0.14285714285714285,I feel hurt by your words.,cautious
0.9032258064516129,1.0,10.333333333333334,-0.9659630060195923,0.9659630060195923,0.16129032258064516,This conflict is damaging trust.,baseline
0.9354838709677419,1.0,10.333333333333334,-0.9620940685272217,0.9620940685272217,0.0967741935483871,This conflict is damaging trust.,empathetic
0.875,1.0,16.0,-0.9966559410095215,0.9966559410095215,0.21875,This conflict is damaging trust.,cautious
0.9117647058823529,1.0,17.0,0.9875782132148743,0.9875782132148743,0.14705882352941177,I strongly oppose this idea.,baseline
0.8518518518518519,1.0,9.333333333333334,0.9535210132598877,0.9535210132598877,0.25925925925925924,I strongly oppose this idea.,empathetic
0.875,1.0,10.666666666666666,-0.9997859597206116,0.9997859597206116,0.25,I strongly oppose this idea.,cautious
0.6285714285714286,0.8235294117647058,17.5,-0.9960368275642395,0.9960368275642395,0.5428571428571428,We need to calm down and talk.,baseline
0.8787878787878788,1.0,11.333333333333334,0.8552026748657227,0.8552026748657227,0.24242424242424243,We need to calm down and talk.,empathetic
0.6176470588235294,0.8787878787878788,8.5,-0.555995762348175,0.555995762348175,0.5588235294117647,We need to calm down and talk.,cautious
0.8484848484848485,1.0,11.0,-0.9872856736183167,0.9872856736183167,0.24242424242424243,I feel pressured into agreeing.,baseline
0.9642857142857143,1.0,7.0,0.9676465392112732,0.9676465392112732,0.07142857142857142,I feel pressured into agreeing.,empathetic
0.8709677419354839,0.9666666666666667,10.333333333333334,-0.9970558881759644,0.9970558881759644,0.1935483870967742,I feel pressured into agreeing.,cautious
1.0,1.0,11.0,-0.9868693947792053,0.9868693947792053,0.0,This issue remains unresolved.,baseline
0.8928571428571429,1.0,14.0,-0.9704283475875854,0.9704283475875854,0.21428571428571427,This issue remains unresolved.,empathetic
0.8518518518518519,1.0,9.0,-0.9977154731750488,0.9977154731750488,0.25925925925925924,This issue remains unresolved.,cautious
1.0,1.0,6.5,0.9967489242553711,0.9967489242553711,0.0,I am concerned about the consequences.,baseline
0.90625,1.0,16.0,-0.9867609739303589,0.9867609739303589,0.1875,I am concerned about the consequences.,empathetic
0.9,1.0,6.0,-0.6303179264068604,0.6303179264068604,0.2,I am concerned about the consequences.,cautious
0.8275862068965517,0.9285714285714286,10.0,0.99708491563797,0.99708491563797,0.3448275862068966,We need to reconsider our priorities.,baseline
0.8666666666666667,0.9310344827586207,15.0,-0.9990448355674744,0.9990448355674744,0.26666666666666666,We need to reconsider our priorities.,empathetic
0.8928571428571429,0.9629629629629629,9.333333333333334,-0.9987677335739136,0.9987677335739136,0.21428571428571427,We need to reconsider our priorities.,cautious
0.7878787878787878,0.9375,16.5,-0.9994454979896545,0.9994454979896545,0.3939393939393939,I feel angry about what happened.,baseline
0.9629629629629629,1.0,9.0,-0.9985830783843994,0.9985830783843994,0.07407407407407407,I feel angry about what happened.,empathetic
0.9090909090909091,1.0,11.0,-0.9993001222610474,0.9993001222610474,0.18181818181818182,I feel angry about what happened.,cautious
0.9375,1.0,10.666666666666666,-0.9763878583908081,0.9763878583908081,0.125,This disagreement is affecting our relationship.,baseline
0.875,1.0,10.666666666666666,0.9958523511886597,0.9958523511886597,0.25,This disagreement is affecting our relationship.,empathetic
0.84375,1.0,10.666666666666666,0.5527010560035706,0.5527010560035706,0.28125,This disagreement is affecting our relationship.,cautious
0.8709677419354839,1.0,7.75,-0.9992377758026123,0.9992377758026123,0.22580645161290322,I cannot accept this explanation.,baseline
0.9,1.0,10.0,-0.9848991632461548,0.9848991632461548,0.2,I cannot accept this explanation.,empathetic
0.8666666666666667,1.0,15.0,-0.9993162155151367,0.9993162155151367,0.26666666666666666,I cannot accept this explanation.,cautious
0.78125,0.9354838709677419,16.0,-0.9892967343330383,0.9892967343330383,0.375,We need to clarify expectations.,baseline
0.9375,1.0,16.0,-0.9996083378791809,0.9996083378791809,0.125,We need to clarify expectations.,empathetic
0.8,1.0,15.0,-0.997846245765686,0.997846245765686,0.26666666666666666,We need to clarify expectations.,cautious
0.8709677419354839,0.9666666666666667,10.333333333333334,-0.998336136341095,0.998336136341095,0.1935483870967742,I feel frustrated by repeated mistakes.,baseline
1.0,1.0,13.0,-0.9956845045089722,0.9956845045089722,0.0,I feel frustrated by repeated mistakes.,empathetic
0.9354838709677419,1.0,10.333333333333334,-0.9936612844467163,0.9936612844467163,0.0967741935483871,I feel frustrated by repeated mistakes.,cautious
0.9615384615384616,1.0,9.0,-0.9950705766677856,0.9950705766677856,0.07692307692307693,This situation feels unfair.,baseline
0.9565217391304348,1.0,11.5,-0.9951516389846802,0.9951516389846802,0.08695652173913043,This situation feels unfair.,empathetic
0.9354838709677419,1.0,10.333333333333334,-0.999315619468689,0.999315619468689,0.0967741935483871,This situation feels unfair.,cautious
0.7272727272727273,0.9375,11.0,-0.9268943667411804,0.9268943667411804,0.48484848484848486,I am not convinced by your argument.,baseline
0.8888888888888888,1.0,18.0,0.9982959628105164,0.9982959628105164,0.2222222222222222,I am not convinced by your argument.,empathetic
0.9117647058823529,0.9696969696969697,8.5,-0.9978736639022827,0.9978736639022827,0.17647058823529413,I am not convinced by your argument.,cautious
0.90625,1.0,11.0,-0.9709365367889404,0.9709365367889404,0.125,We need to stop avoiding the issue.,baseline
0.78125,0.967741935483871,10.666666666666666,-0.9996583461761475,0.9996583461761475,0.40625,We need to stop avoiding the issue.,empathetic
0.8571428571428571,1.0,9.333333333333334,-0.9953722357749939,0.9953722357749939,0.21428571428571427,We need to stop avoiding the issue.,cautious
0.875,1.0,10.666666666666666,-0.9757682085037231,0.9757682085037231,0.21875,I feel overwhelmed by the conflict.,baseline
0.8857142857142857,1.0,17.5,0.8120521903038025,0.8120521903038025,0.22857142857142856,I feel overwhelmed by the conflict.,empathetic
0.7586206896551724,0.9285714285714286,9.666666666666666,-0.8378291130065918,0.8378291130065918,0.41379310344827586,I feel overwhelmed by the conflict.,cautious
0.7666666666666667,0.896551724137931,15.0,-0.9997348189353943,0.9997348189353943,0.43333333333333335,This decision lacks transparency.,baseline
0.8888888888888888,1.0,6.75,-0.9986975193023682,0.9986975193023682,0.2222222222222222,This decision lacks transparency.,empathetic
0.84375,1.0,8.0,-0.5408857464790344,0.5408857464790344,0.28125,This decision lacks transparency.,cautious
0.8333333333333334,0.9310344827586207,10.0,-0.9996660947799683,0.9996660947799683,0.3,I strongly disagree.,baseline
0.9310344827586207,1.0,10.0,-0.8186229467391968,0.8186229467391968,0.13793103448275862,I strongly disagree.,empathetic
0.9,0.9655172413793104,15.0,-0.8401923179626465,0.8401923179626465,0.2,I strongly disagree.,cautious
1.0,1.0,8.333333333333334,0.6158586144447327,0.6158586144447327,0.0,We need to rebuild trust.,baseline
0.84375,0.967741935483871,8.0,0.9950727820396423,0.9950727820396423,0.28125,We need to rebuild trust.,empathetic
0.7575757575757576,0.9375,16.5,0.6720418930053711,0.6720418930053711,0.3939393939393939,We need to rebuild trust.,cautious
0.9642857142857143,1.0,7.25,0.9943806529045105,0.9943806529045105,0.07142857142857142,I feel manipulated.,baseline
0.7777777777777778,1.0,5.4,-0.936437726020813,0.936437726020813,0.4074074074074074,I feel manipulated.,empathetic
0.8333333333333334,0.9655172413793104,15.0,-0.9974991679191589,0.9974991679191589,0.3333333333333333,I feel manipulated.,cautious
0.9032258064516129,1.0,10.333333333333334,-0.9959404468536377,0.9959404468536377,0.12903225806451613,This conflict requires mediation.,baseline
0.84375,0.967741935483871,10.666666666666666,-0.9918862581253052,0.9918862581253052,0.28125,This conflict requires mediation.,empathetic
0.9655172413793104,1.0,14.5,0.9988954067230225,0.9988954067230225,0.06896551724137931,This conflict requires mediation.,cautious
0.967741935483871,1.0,15.5,-0.993118405342102,0.993118405342102,0.06451612903225806,I am upset and need clarity.,baseline
0.9285714285714286,1.0,9.666666666666666,-0.9989631175994873,0.9989631175994873,0.10714285714285714,I am upset and need clarity.,empathetic
0.7878787878787878,0.96875,11.0,-0.9986284971237183,0.9986284971237183,0.36363636363636365,I am upset and need clarity.,cautious
